Name,Capital,Population
Afghanistan,Kabul,25500100
Aland Islands,Mariehamn,28502
Albania,Tirana,2821977
Algeria,Algiers,37900000
American Samoa,Pago Pago,55519
Andorra,Andorra la Vella,76246
Angola,Luanda,20609294
Anguilla,The Valley,13452
Antarctica,,
Antigua and Barbuda,Saint John's,86295
Argentina,Buenos Aires,40117096
Armenia,Yerevan,3024100
Aruba,Oranjestad,101484
Australia,Canberra,23254142
Austria,Vienna,8501502
Azerbaijan,Baku,9235100
Bahamas,Nassau,
Bahrain,Manama,1234571
Bangladesh,Dhaka,152518015
Barbados,Bridgetown,274200
Belarus,Minsk,9465500
Belgium,Brussels,11175653
Belize,Belmopan,312971
Benin,Porto-Novo,10323000
Bermuda,Hamilton,64237
Bhutan,Thimphu,740990
Bolivia,Sucre,10027254
Bonaire,Kralendijk,
Bosnia and Herzegovina,Sarajevo,3791622
Botswana,Gaborone,2024904
Bouvet Island,,
Brazil,Brasilia,201032714
British Indian Ocean Territory,Diego Garcia,
British Virgin Islands,Road Town,29537
Brunei,Bandar Seri Begawan,393162
Bulgaria,Sofia,7282041
Burkina Faso,Ouagadougou,17322796
Burundi,Bujumbura,10163000
Cambodia,Phnom Penh,15135000
Cameroon,Yaounde,20386799
Canada,Ottawa,35158304
Cape Verde,Praia,491875
Cayman Islands,George Town,55456
Central African Republic,Bangui,4616000
Chad,N'Djamena,12825000
Chile,Santiago,16634603
China,Beijing,1361170000
Christmas Island,Flying Fish Cove,2072
Cocos (Keeling) Islands,West Island,550
Colombia,Bogota,47330000
Comoros,Moroni,724300
Republic of the Congo,Brazzaville,4448000
Democratic Republic of the Congo,Kinshasa,67514000
Cook Islands,Avarua,14974
Costa Rica,San Jose,4667096
Cote d'Ivoire,Yamoussoukro,
Croatia,Zagreb,4290612
Cuba,Havana,11167325
Curacao,Willemstad,150563
Cyprus,Nicosia,865878
Czech Republic,Prague,10512900
Denmark,Copenhagen,5623501
Djibouti,Djibouti,864618
Dominica,Roseau,71293
Dominican Republic,Santo Domingo,9445281
Ecuador,Quito,15617900
Egypt,Cairo,83661000
El Salvador,San Salvador,6340000
Equatorial Guinea,Malabo,1622000
Eritrea,Asmara,6333000
Estonia,Tallinn,1286540
Ethiopia,Addis Ababa,86613986
Falkland Islands,Stanley,2563
Faroe Islands,Torshavn,48509
Fiji,Suva,858038
Finland,Helsinki,5445883
France,Paris,65806000
French Guiana,Cayenne,229040
French Polynesia,Papeete,268270
French Southern and Antarctic Lands,Port-aux-Francais,
Gabon,Libreville,1672000
Gambia,Banjul,
Georgia,Tbilisi,
Germany,Berlin,80523700
Ghana,Accra,24658823
Gibraltar,Gibraltar,29752
Greece,Athens,10815197
Greenland,Nuuk,56370
Grenada,St. George's,103328
Guadeloupe,Basse-Terre,403355
Guam,Hagatna,159358
Guatemala,Guatemala City,15438384
Guernsey,St. Peter Port,62431
Guinea,Conakry,10824200
Guinea-Bissau,Bissau,1704000
Guyana,Georgetown,784894
Haiti,Port-au-Prince,10413211
Heard Island and McDonald Islands,,
Vatican City,Vatican City,800
Honduras,Tegucigalpa,8555072
Hong Kong,City of Victoria,7184000
Hungary,Budapest,9906000
Iceland,Reykjavik,325010
India,New Delhi,1236670000
Indonesia,Jakarta,237641326
Iran,Tehran,77068000
Iraq,Baghdad,34035000
Ireland,Dublin,
Isle of Man,Douglas,84497
Israel,Jerusalem,8092700
Italy,Rome,59829079
Jamaica,Kingston,2711476
Japan,Tokyo,127290000
Jersey,Saint Helier,97857
Jordan,Amman,6512600
Kazakhstan,Astana,17099000
Kenya,Nairobi,44354000
Kiribati,South Tarawa,106461
Kuwait,Kuwait City,3582054
Kyrgyzstan,Bishkek,5551900
Laos,Vientiane,6580800
Latvia,Riga,2014000
Lebanon,Beirut,4822000
Lesotho,Maseru,2074000
Liberia,Monrovia,4294000
Libya,Tripoli,6202000
Liechtenstein,Vaduz,36842
Lithuania,Vilnius,2950684
Luxembourg,Luxembourg,537000
Macao,,
Macedonia,Skopje,
Madagascar,Antananarivo,20696070
Malawi,Lilongwe,16363000
Malaysia,Kuala Lumpur,29793600
Maldives,Male,317280
Mali,Bamako,15302000
Malta,Valletta,416055
Marshall Islands,Majuro,56086
Martinique,Fort-de-France,394173
Mauritania,Nouakchott,3461041
Mauritius,Port Louis,1257900
Mayotte,Mamoudzou,212600
Mexico,Mexico City,118395054
Micronesia,Palikir,
Moldova,Chisinau,3559500
Monaco,Monaco,36136
Mongolia,Ulan Bator,2754685
Montenegro,Podgorica,620029
Montserrat,Plymouth,4922
Morocco,Rabat,33087700
Mozambique,Maputo,23700715
Myanmar,Naypyidaw,
Namibia,Windhoek,2113077
Nauru,Yaren,9945
Nepal,Kathmandu,26494504
Netherlands,Amsterdam,16807300
New Caledonia,Noumea,258958
New Zealand,Wellington,4478810
Nicaragua,Managua,6071045
Niger,Niamey,17129076
Nigeria,Abuja,173615000
Niue,Alofi,1613
Norfolk Island,Kingston,2302
North Korea,Pyongyang,24895000
Northern Mariana Islands,Saipan,53883
Norway,Oslo,5077798
Oman,Muscat,3929000
Pakistan,Islamabad,184845000
Palau,Ngerulmud,20901
Palestine,Ramallah,
Panama,Panama City,3405813
Papua New Guinea,Port Moresby,7059653
Paraguay,Asuncion,6783374
Peru,Lima,30475144
Philippines,Manila,98678000
Pitcairn Islands,Adamstown,56
Poland,Warsaw,38533299
Portugal,Lisbon,10562178
Puerto Rico,San Juan,3667084
Qatar,Doha,2024707
Republic of Kosovo,Pristina,1733842
Reunion,Saint-Denis,821136
Romania,Bucharest,20121641
Russia,Moscow,143500000
Rwanda,Kigali,10537222
Saint Barthelemy,Gustavia,8938
Saint Helena,Jamestown,
Saint Kitts and Nevis,Basseterre,54000
Saint Lucia,Castries,166526
Saint Martin,Marigot,
Saint Pierre and Miquelon,Saint-Pierre,6081
Saint Vincent and the Grenadines,Kingstown,109000
Samoa,Apia,187820
San Marino,City of San Marino,32509
Sao Tome and Principe,Sao Tome,187356
Saudi Arabia,Riyadh,29994272
Senegal,Dakar,13567338
Serbia,Belgrade,7181505
Seychelles,Victoria,90945
Sierra Leone,Freetown,6190280
Singapore,Singapore,5399200
Sint Maarten,Philipsburg,37429
Slovakia,Bratislava,5412008
Slovenia,Ljubljana,2061405
Solomon Islands,Honiara,561000
Somalia,Mogadishu,10496000
South Africa,Cape Town,52981991
South Georgia,King Edward Point,
South Korea,Seoul,50219669
South Sudan,Juba,11296000
Spain,Madrid,46704314
Sri Lanka,Colombo,20277597
Sudan,Khartoum,37964000
Suriname,Paramaribo,534189
Svalbard and Jan Mayen,Longyearbyen,2655
Swaziland,Lobamba,1250000
Sweden,Stockholm,9625444
Switzerland,Bern,8085300
Syria,Damascus,21898000
Taiwan,Taipei,23361147
Tajikistan,Dushanbe,8000000
Tanzania,Dodoma,44928923
Thailand,Bangkok,65926261
Timor-Leste,Dili,
Togo,Lome,6191155
Tokelau,Fakaofo,1411
Tonga,Nuku'alofa,103036
Trinidad and Tobago,Port of Spain,1328019
Tunisia,Tunis,10833431
Turkey,Ankara,75627384
Turkmenistan,Ashgabat,5240000
Turks and Caicos Islands,Cockburn Town,31458
Tuvalu,Funafuti,11323
Uganda,Kampala,35357000
Ukraine,Kiev,45461627
United Arab Emirates,Abu Dhabi,8264070
United Kingdom,London,63705000
United States,Washington D.C.,317101000
United States Minor Outlying Islands,,
United States Virgin Islands,Charlotte Amalie,106405
Uruguay,Montevideo,3286314
Uzbekistan,Tashkent,30183400
Vanuatu,Port Vila,264652
Venezuela,Caracas,28946101
Vietnam,Hanoi,90388000
Wallis and Futuna,Mata-Utu,13135
Western Sahara,El Aaiun,567000
Yemen,Sana'a,24527000
Zambia,Lusaka,13092666
Zimbabwe,Harare,12973808
